<application>
  <component name="ProjectJdkTable">
    <jdk version="2">
      <name value="Python 3.8" />
      <type value="Python SDK" />
      <version value="Python 3.8.3" />
      <homePath value="/usr/local/Cellar/python@3.8/3.8.3/bin/python3.8" />
      <roots>
        <annotationsPath>
          <root type="composite" />
        </annotationsPath>
        <classPath>
          <root type="composite">
            <root url="file:///usr/local/Cellar/python@3.8/3.8.3/Frameworks/Python.framework/Versions/3.8/lib/python3.8" type="simple" />
            <root url="file:///usr/local/Cellar/python@3.8/3.8.3/Frameworks/Python.framework/Versions/3.8/lib/python3.8/lib-dynload" type="simple" />
            <root url="file:///usr/local/lib/python3.8/site-packages" type="simple" />
            <root url="file://$USER_HOME$/Library/Caches/JetBrains/PyCharm2020.1/python_stubs/1885050308" type="simple" />
            <root url="file://$APPLICATION_HOME_DIR$/plugins/python/helpers/python-skeletons" type="simple" />
            <root url="file://$APPLICATION_HOME_DIR$/plugins/python/helpers/typeshed/stdlib/3.7" type="simple" />
            <root url="file://$APPLICATION_HOME_DIR$/plugins/python/helpers/typeshed/stdlib/3" type="simple" />
            <root url="file://$APPLICATION_HOME_DIR$/plugins/python/helpers/typeshed/stdlib/2and3" type="simple" />
            <root url="file://$APPLICATION_HOME_DIR$/plugins/python/helpers/typeshed/third_party/3" type="simple" />
            <root url="file://$APPLICATION_HOME_DIR$/plugins/python/helpers/typeshed/third_party/2and3" type="simple" />
          </root>
        </classPath>
        <javadocPath>
          <root type="composite" />
        </javadocPath>
        <sourcePath>
          <root type="composite" />
        </sourcePath>
      </roots>
      <additional />
    </jdk>
    <jdk version="2">
      <name value="Python 3.8 (apt-management-generator)" />
      <type value="Python SDK" />
      <version value="Python 3.8.3" />
      <homePath value="$USER_HOME$/Documents/dev/workspace-git-private/apt-management-generator/venv/bin/python" />
      <roots>
        <annotationsPath>
          <root type="composite" />
        </annotationsPath>
        <classPath>
          <root type="composite">
            <root url="file:///usr/local/Cellar/python@3.8/3.8.3/Frameworks/Python.framework/Versions/3.8/lib/python3.8" type="simple" />
            <root url="file:///usr/local/Cellar/python@3.8/3.8.3/Frameworks/Python.framework/Versions/3.8/lib/python3.8/lib-dynload" type="simple" />
            <root url="file://$USER_HOME$/Documents/dev/workspace-git-private/apt-management-generator/venv/lib/python3.8/site-packages" type="simple" />
            <root url="file://$USER_HOME$/Library/Caches/JetBrains/PyCharm2020.1/python_stubs/732733979" type="simple" />
            <root url="file://$APPLICATION_HOME_DIR$/plugins/python/helpers/python-skeletons" type="simple" />
            <root url="file://$APPLICATION_HOME_DIR$/plugins/python/helpers/typeshed/stdlib/3.7" type="simple" />
            <root url="file://$APPLICATION_HOME_DIR$/plugins/python/helpers/typeshed/stdlib/3" type="simple" />
            <root url="file://$APPLICATION_HOME_DIR$/plugins/python/helpers/typeshed/stdlib/2and3" type="simple" />
            <root url="file://$APPLICATION_HOME_DIR$/plugins/python/helpers/typeshed/third_party/3" type="simple" />
            <root url="file://$APPLICATION_HOME_DIR$/plugins/python/helpers/typeshed/third_party/2and3" type="simple" />
          </root>
        </classPath>
        <javadocPath>
          <root type="composite" />
        </javadocPath>
        <sourcePath>
          <root type="composite" />
        </sourcePath>
      </roots>
      <additional ASSOCIATED_PROJECT_PATH="$USER_HOME$/Documents/dev/workspace-git-private/apt-management-generator" />
    </jdk>
    <jdk version="2">
      <name value="21" />
      <type value="JavaSDK" />
      <version value="java version &quot;21.0.7&quot;" />
      <homePath value="$USER_HOME$/.version-fox/temp/1745679600-15568/java" />
      <roots>
        <annotationsPath>
          <root type="composite">
            <root url="jar://$APPLICATION_HOME_DIR$/plugins/java/lib/resources/jdkAnnotations.jar!/" type="simple" />
          </root>
        </annotationsPath>
        <classPath>
          <root type="composite">
            <root url="jrt://$USER_HOME$/.version-fox/temp/1745679600-15568/java!/java.base" type="simple" />
            <root url="jrt://$USER_HOME$/.version-fox/temp/1745679600-15568/java!/java.compiler" type="simple" />
            <root url="jrt://$USER_HOME$/.version-fox/temp/1745679600-15568/java!/java.datatransfer" type="simple" />
            <root url="jrt://$USER_HOME$/.version-fox/temp/1745679600-15568/java!/java.desktop" type="simple" />
            <root url="jrt://$USER_HOME$/.version-fox/temp/1745679600-15568/java!/java.instrument" type="simple" />
            <root url="jrt://$USER_HOME$/.version-fox/temp/1745679600-15568/java!/java.logging" type="simple" />
            <root url="jrt://$USER_HOME$/.version-fox/temp/1745679600-15568/java!/java.management" type="simple" />
            <root url="jrt://$USER_HOME$/.version-fox/temp/1745679600-15568/java!/java.management.rmi" type="simple" />
            <root url="jrt://$USER_HOME$/.version-fox/temp/1745679600-15568/java!/java.naming" type="simple" />
            <root url="jrt://$USER_HOME$/.version-fox/temp/1745679600-15568/java!/java.net.http" type="simple" />
            <root url="jrt://$USER_HOME$/.version-fox/temp/1745679600-15568/java!/java.prefs" type="simple" />
            <root url="jrt://$USER_HOME$/.version-fox/temp/1745679600-15568/java!/java.rmi" type="simple" />
            <root url="jrt://$USER_HOME$/.version-fox/temp/1745679600-15568/java!/java.scripting" type="simple" />
            <root url="jrt://$USER_HOME$/.version-fox/temp/1745679600-15568/java!/java.se" type="simple" />
            <root url="jrt://$USER_HOME$/.version-fox/temp/1745679600-15568/java!/java.security.jgss" type="simple" />
            <root url="jrt://$USER_HOME$/.version-fox/temp/1745679600-15568/java!/java.security.sasl" type="simple" />
            <root url="jrt://$USER_HOME$/.version-fox/temp/1745679600-15568/java!/java.smartcardio" type="simple" />
            <root url="jrt://$USER_HOME$/.version-fox/temp/1745679600-15568/java!/java.sql" type="simple" />
            <root url="jrt://$USER_HOME$/.version-fox/temp/1745679600-15568/java!/java.sql.rowset" type="simple" />
            <root url="jrt://$USER_HOME$/.version-fox/temp/1745679600-15568/java!/java.transaction.xa" type="simple" />
            <root url="jrt://$USER_HOME$/.version-fox/temp/1745679600-15568/java!/java.xml" type="simple" />
            <root url="jrt://$USER_HOME$/.version-fox/temp/1745679600-15568/java!/java.xml.crypto" type="simple" />
            <root url="jrt://$USER_HOME$/.version-fox/temp/1745679600-15568/java!/jdk.accessibility" type="simple" />
            <root url="jrt://$USER_HOME$/.version-fox/temp/1745679600-15568/java!/jdk.attach" type="simple" />
            <root url="jrt://$USER_HOME$/.version-fox/temp/1745679600-15568/java!/jdk.charsets" type="simple" />
            <root url="jrt://$USER_HOME$/.version-fox/temp/1745679600-15568/java!/jdk.compiler" type="simple" />
            <root url="jrt://$USER_HOME$/.version-fox/temp/1745679600-15568/java!/jdk.crypto.cryptoki" type="simple" />
            <root url="jrt://$USER_HOME$/.version-fox/temp/1745679600-15568/java!/jdk.crypto.ec" type="simple" />
            <root url="jrt://$USER_HOME$/.version-fox/temp/1745679600-15568/java!/jdk.dynalink" type="simple" />
            <root url="jrt://$USER_HOME$/.version-fox/temp/1745679600-15568/java!/jdk.editpad" type="simple" />
            <root url="jrt://$USER_HOME$/.version-fox/temp/1745679600-15568/java!/jdk.hotspot.agent" type="simple" />
            <root url="jrt://$USER_HOME$/.version-fox/temp/1745679600-15568/java!/jdk.httpserver" type="simple" />
            <root url="jrt://$USER_HOME$/.version-fox/temp/1745679600-15568/java!/jdk.incubator.vector" type="simple" />
            <root url="jrt://$USER_HOME$/.version-fox/temp/1745679600-15568/java!/jdk.internal.ed" type="simple" />
            <root url="jrt://$USER_HOME$/.version-fox/temp/1745679600-15568/java!/jdk.internal.jvmstat" type="simple" />
            <root url="jrt://$USER_HOME$/.version-fox/temp/1745679600-15568/java!/jdk.internal.le" type="simple" />
            <root url="jrt://$USER_HOME$/.version-fox/temp/1745679600-15568/java!/jdk.internal.opt" type="simple" />
            <root url="jrt://$USER_HOME$/.version-fox/temp/1745679600-15568/java!/jdk.internal.vm.ci" type="simple" />
            <root url="jrt://$USER_HOME$/.version-fox/temp/1745679600-15568/java!/jdk.internal.vm.compiler" type="simple" />
            <root url="jrt://$USER_HOME$/.version-fox/temp/1745679600-15568/java!/jdk.internal.vm.compiler.management" type="simple" />
            <root url="jrt://$USER_HOME$/.version-fox/temp/1745679600-15568/java!/jdk.jartool" type="simple" />
            <root url="jrt://$USER_HOME$/.version-fox/temp/1745679600-15568/java!/jdk.javadoc" type="simple" />
            <root url="jrt://$USER_HOME$/.version-fox/temp/1745679600-15568/java!/jdk.jcmd" type="simple" />
            <root url="jrt://$USER_HOME$/.version-fox/temp/1745679600-15568/java!/jdk.jconsole" type="simple" />
            <root url="jrt://$USER_HOME$/.version-fox/temp/1745679600-15568/java!/jdk.jdeps" type="simple" />
            <root url="jrt://$USER_HOME$/.version-fox/temp/1745679600-15568/java!/jdk.jdi" type="simple" />
            <root url="jrt://$USER_HOME$/.version-fox/temp/1745679600-15568/java!/jdk.jdwp.agent" type="simple" />
            <root url="jrt://$USER_HOME$/.version-fox/temp/1745679600-15568/java!/jdk.jfr" type="simple" />
            <root url="jrt://$USER_HOME$/.version-fox/temp/1745679600-15568/java!/jdk.jlink" type="simple" />
            <root url="jrt://$USER_HOME$/.version-fox/temp/1745679600-15568/java!/jdk.jpackage" type="simple" />
            <root url="jrt://$USER_HOME$/.version-fox/temp/1745679600-15568/java!/jdk.jshell" type="simple" />
            <root url="jrt://$USER_HOME$/.version-fox/temp/1745679600-15568/java!/jdk.jsobject" type="simple" />
            <root url="jrt://$USER_HOME$/.version-fox/temp/1745679600-15568/java!/jdk.jstatd" type="simple" />
            <root url="jrt://$USER_HOME$/.version-fox/temp/1745679600-15568/java!/jdk.localedata" type="simple" />
            <root url="jrt://$USER_HOME$/.version-fox/temp/1745679600-15568/java!/jdk.management" type="simple" />
            <root url="jrt://$USER_HOME$/.version-fox/temp/1745679600-15568/java!/jdk.management.agent" type="simple" />
            <root url="jrt://$USER_HOME$/.version-fox/temp/1745679600-15568/java!/jdk.management.jfr" type="simple" />
            <root url="jrt://$USER_HOME$/.version-fox/temp/1745679600-15568/java!/jdk.naming.dns" type="simple" />
            <root url="jrt://$USER_HOME$/.version-fox/temp/1745679600-15568/java!/jdk.naming.rmi" type="simple" />
            <root url="jrt://$USER_HOME$/.version-fox/temp/1745679600-15568/java!/jdk.net" type="simple" />
            <root url="jrt://$USER_HOME$/.version-fox/temp/1745679600-15568/java!/jdk.nio.mapmode" type="simple" />
            <root url="jrt://$USER_HOME$/.version-fox/temp/1745679600-15568/java!/jdk.random" type="simple" />
            <root url="jrt://$USER_HOME$/.version-fox/temp/1745679600-15568/java!/jdk.sctp" type="simple" />
            <root url="jrt://$USER_HOME$/.version-fox/temp/1745679600-15568/java!/jdk.security.auth" type="simple" />
            <root url="jrt://$USER_HOME$/.version-fox/temp/1745679600-15568/java!/jdk.security.jgss" type="simple" />
            <root url="jrt://$USER_HOME$/.version-fox/temp/1745679600-15568/java!/jdk.unsupported" type="simple" />
            <root url="jrt://$USER_HOME$/.version-fox/temp/1745679600-15568/java!/jdk.unsupported.desktop" type="simple" />
            <root url="jrt://$USER_HOME$/.version-fox/temp/1745679600-15568/java!/jdk.xml.dom" type="simple" />
            <root url="jrt://$USER_HOME$/.version-fox/temp/1745679600-15568/java!/jdk.zipfs" type="simple" />
          </root>
        </classPath>
        <javadocPath>
          <root type="composite" />
        </javadocPath>
        <sourcePath>
          <root type="composite">
            <root url="jar://$USER_HOME$/.version-fox/temp/1745679600-15568/java/lib/src.zip!/java.se" type="simple" />
            <root url="jar://$USER_HOME$/.version-fox/temp/1745679600-15568/java/lib/src.zip!/jdk.jdi" type="simple" />
            <root url="jar://$USER_HOME$/.version-fox/temp/1745679600-15568/java/lib/src.zip!/jdk.jfr" type="simple" />
            <root url="jar://$USER_HOME$/.version-fox/temp/1745679600-15568/java/lib/src.zip!/jdk.net" type="simple" />
            <root url="jar://$USER_HOME$/.version-fox/temp/1745679600-15568/java/lib/src.zip!/java.rmi" type="simple" />
            <root url="jar://$USER_HOME$/.version-fox/temp/1745679600-15568/java/lib/src.zip!/java.sql" type="simple" />
            <root url="jar://$USER_HOME$/.version-fox/temp/1745679600-15568/java/lib/src.zip!/java.xml" type="simple" />
            <root url="jar://$USER_HOME$/.version-fox/temp/1745679600-15568/java/lib/src.zip!/jdk.jcmd" type="simple" />
            <root url="jar://$USER_HOME$/.version-fox/temp/1745679600-15568/java/lib/src.zip!/jdk.sctp" type="simple" />
            <root url="jar://$USER_HOME$/.version-fox/temp/1745679600-15568/java/lib/src.zip!/java.base" type="simple" />
            <root url="jar://$USER_HOME$/.version-fox/temp/1745679600-15568/java/lib/src.zip!/jdk.jdeps" type="simple" />
            <root url="jar://$USER_HOME$/.version-fox/temp/1745679600-15568/java/lib/src.zip!/jdk.jlink" type="simple" />
            <root url="jar://$USER_HOME$/.version-fox/temp/1745679600-15568/java/lib/src.zip!/jdk.zipfs" type="simple" />
            <root url="jar://$USER_HOME$/.version-fox/temp/1745679600-15568/java/lib/src.zip!/java.prefs" type="simple" />
            <root url="jar://$USER_HOME$/.version-fox/temp/1745679600-15568/java/lib/src.zip!/jdk.attach" type="simple" />
            <root url="jar://$USER_HOME$/.version-fox/temp/1745679600-15568/java/lib/src.zip!/jdk.jshell" type="simple" />
            <root url="jar://$USER_HOME$/.version-fox/temp/1745679600-15568/java/lib/src.zip!/jdk.jstatd" type="simple" />
            <root url="jar://$USER_HOME$/.version-fox/temp/1745679600-15568/java/lib/src.zip!/jdk.random" type="simple" />
            <root url="jar://$USER_HOME$/.version-fox/temp/1745679600-15568/java/lib/src.zip!/java.naming" type="simple" />
            <root url="jar://$USER_HOME$/.version-fox/temp/1745679600-15568/java/lib/src.zip!/jdk.editpad" type="simple" />
            <root url="jar://$USER_HOME$/.version-fox/temp/1745679600-15568/java/lib/src.zip!/jdk.jartool" type="simple" />
            <root url="jar://$USER_HOME$/.version-fox/temp/1745679600-15568/java/lib/src.zip!/jdk.javadoc" type="simple" />
            <root url="jar://$USER_HOME$/.version-fox/temp/1745679600-15568/java/lib/src.zip!/jdk.xml.dom" type="simple" />
            <root url="jar://$USER_HOME$/.version-fox/temp/1745679600-15568/java/lib/src.zip!/java.desktop" type="simple" />
            <root url="jar://$USER_HOME$/.version-fox/temp/1745679600-15568/java/lib/src.zip!/java.logging" type="simple" />
            <root url="jar://$USER_HOME$/.version-fox/temp/1745679600-15568/java/lib/src.zip!/jdk.charsets" type="simple" />
            <root url="jar://$USER_HOME$/.version-fox/temp/1745679600-15568/java/lib/src.zip!/jdk.compiler" type="simple" />
            <root url="jar://$USER_HOME$/.version-fox/temp/1745679600-15568/java/lib/src.zip!/jdk.dynalink" type="simple" />
            <root url="jar://$USER_HOME$/.version-fox/temp/1745679600-15568/java/lib/src.zip!/jdk.jconsole" type="simple" />
            <root url="jar://$USER_HOME$/.version-fox/temp/1745679600-15568/java/lib/src.zip!/jdk.jpackage" type="simple" />
            <root url="jar://$USER_HOME$/.version-fox/temp/1745679600-15568/java/lib/src.zip!/jdk.jsobject" type="simple" />
            <root url="jar://$USER_HOME$/.version-fox/temp/1745679600-15568/java/lib/src.zip!/java.compiler" type="simple" />
            <root url="jar://$USER_HOME$/.version-fox/temp/1745679600-15568/java/lib/src.zip!/java.net.http" type="simple" />
            <root url="jar://$USER_HOME$/.version-fox/temp/1745679600-15568/java/lib/src.zip!/jdk.crypto.ec" type="simple" />
            <root url="jar://$USER_HOME$/.version-fox/temp/1745679600-15568/java/lib/src.zip!/java.scripting" type="simple" />
            <root url="jar://$USER_HOME$/.version-fox/temp/1745679600-15568/java/lib/src.zip!/jdk.httpserver" type="simple" />
            <root url="jar://$USER_HOME$/.version-fox/temp/1745679600-15568/java/lib/src.zip!/jdk.jdwp.agent" type="simple" />
            <root url="jar://$USER_HOME$/.version-fox/temp/1745679600-15568/java/lib/src.zip!/jdk.localedata" type="simple" />
            <root url="jar://$USER_HOME$/.version-fox/temp/1745679600-15568/java/lib/src.zip!/jdk.management" type="simple" />
            <root url="jar://$USER_HOME$/.version-fox/temp/1745679600-15568/java/lib/src.zip!/jdk.naming.dns" type="simple" />
            <root url="jar://$USER_HOME$/.version-fox/temp/1745679600-15568/java/lib/src.zip!/jdk.naming.rmi" type="simple" />
            <root url="jar://$USER_HOME$/.version-fox/temp/1745679600-15568/java/lib/src.zip!/java.instrument" type="simple" />
            <root url="jar://$USER_HOME$/.version-fox/temp/1745679600-15568/java/lib/src.zip!/java.management" type="simple" />
            <root url="jar://$USER_HOME$/.version-fox/temp/1745679600-15568/java/lib/src.zip!/java.sql.rowset" type="simple" />
            <root url="jar://$USER_HOME$/.version-fox/temp/1745679600-15568/java/lib/src.zip!/java.xml.crypto" type="simple" />
            <root url="jar://$USER_HOME$/.version-fox/temp/1745679600-15568/java/lib/src.zip!/jdk.internal.ed" type="simple" />
            <root url="jar://$USER_HOME$/.version-fox/temp/1745679600-15568/java/lib/src.zip!/jdk.internal.le" type="simple" />
            <root url="jar://$USER_HOME$/.version-fox/temp/1745679600-15568/java/lib/src.zip!/jdk.nio.mapmode" type="simple" />
            <root url="jar://$USER_HOME$/.version-fox/temp/1745679600-15568/java/lib/src.zip!/jdk.unsupported" type="simple" />
            <root url="jar://$USER_HOME$/.version-fox/temp/1745679600-15568/java/lib/src.zip!/java.smartcardio" type="simple" />
            <root url="jar://$USER_HOME$/.version-fox/temp/1745679600-15568/java/lib/src.zip!/jdk.internal.opt" type="simple" />
            <root url="jar://$USER_HOME$/.version-fox/temp/1745679600-15568/java/lib/src.zip!/java.datatransfer" type="simple" />
            <root url="jar://$USER_HOME$/.version-fox/temp/1745679600-15568/java/lib/src.zip!/jdk.accessibility" type="simple" />
            <root url="jar://$USER_HOME$/.version-fox/temp/1745679600-15568/java/lib/src.zip!/jdk.hotspot.agent" type="simple" />
            <root url="jar://$USER_HOME$/.version-fox/temp/1745679600-15568/java/lib/src.zip!/jdk.security.auth" type="simple" />
            <root url="jar://$USER_HOME$/.version-fox/temp/1745679600-15568/java/lib/src.zip!/jdk.security.jgss" type="simple" />
            <root url="jar://$USER_HOME$/.version-fox/temp/1745679600-15568/java/lib/src.zip!/java.security.jgss" type="simple" />
            <root url="jar://$USER_HOME$/.version-fox/temp/1745679600-15568/java/lib/src.zip!/java.security.sasl" type="simple" />
            <root url="jar://$USER_HOME$/.version-fox/temp/1745679600-15568/java/lib/src.zip!/jdk.internal.vm.ci" type="simple" />
            <root url="jar://$USER_HOME$/.version-fox/temp/1745679600-15568/java/lib/src.zip!/jdk.management.jfr" type="simple" />
            <root url="jar://$USER_HOME$/.version-fox/temp/1745679600-15568/java/lib/src.zip!/java.management.rmi" type="simple" />
            <root url="jar://$USER_HOME$/.version-fox/temp/1745679600-15568/java/lib/src.zip!/java.transaction.xa" type="simple" />
            <root url="jar://$USER_HOME$/.version-fox/temp/1745679600-15568/java/lib/src.zip!/jdk.crypto.cryptoki" type="simple" />
            <root url="jar://$USER_HOME$/.version-fox/temp/1745679600-15568/java/lib/src.zip!/jdk.incubator.vector" type="simple" />
            <root url="jar://$USER_HOME$/.version-fox/temp/1745679600-15568/java/lib/src.zip!/jdk.internal.jvmstat" type="simple" />
            <root url="jar://$USER_HOME$/.version-fox/temp/1745679600-15568/java/lib/src.zip!/jdk.management.agent" type="simple" />
            <root url="jar://$USER_HOME$/.version-fox/temp/1745679600-15568/java/lib/src.zip!/jdk.unsupported.desktop" type="simple" />
            <root url="jar://$USER_HOME$/.version-fox/temp/1745679600-15568/java/lib/src.zip!/jdk.internal.vm.compiler" type="simple" />
            <root url="jar://$USER_HOME$/.version-fox/temp/1745679600-15568/java/lib/src.zip!/jdk.internal.vm.compiler.management" type="simple" />
          </root>
        </sourcePath>
      </roots>
    </jdk>
  </component>
</application>