<application>
  <component name="Trusted.Paths">
    <option name="TRUSTED_PROJECT_PATHS">
      <map>
        <entry key="$USER_HOME$/Documents/dev/workspace/jetbrain-app-starter" value="true" />
        <entry key="$USER_HOME$/Documents/dev/workspace/jetbrain-app-starter/practice-keymap" value="true" />
        <entry key="$USER_HOME$/Documents/dev/workspace/macOS-starter" value="true" />
        <entry key="$USER_HOME$/Documents/dev/workspace/recent-java" value="true" />
      </map>
    </option>
  </component>
  <component name="Trusted.Paths.Settings">
    <option name="TRUSTED_PATHS">
      <list>
        <option value="$USER_HOME$/Documents/dev/workspace" />
      </list>
    </option>
  </component>
</application>