<keymap version="1" name="Mac OS X copy" parent="Mac OS X">
  <action id="ActivateFavoritesToolWindow" />
  <action id="ActivateMavenToolWindow">
    <keyboard-shortcut first-keystroke="meta 4" />
  </action>
  <action id="ActivateTerminalToolWindow">
    <keyboard-shortcut first-keystroke="alt f12" />
    <keyboard-shortcut first-keystroke="meta 2" />
  </action>
  <action id="Arrangement.Rule.Group.Condition.Move.Down" />
  <action id="Arrangement.Rule.Match.Condition.Move.Down" />
  <action id="Arrangement.Rule.Match.Condition.Move.Up" />
  <action id="Build" />
  <action id="BuildProject">
    <keyboard-shortcut first-keystroke="meta f9" />
  </action>
  <action id="Compile" />
  <action id="CompileDirty" />
  <action id="Console.Open" />
  <action id="DebugClass">
    <keyboard-shortcut first-keystroke="shift meta f9" />
  </action>
  <action id="DuplicatesForm.SendToRight" />
  <action id="EditorLineEnd">
    <keyboard-shortcut first-keystroke="meta right" />
  </action>
  <action id="EditorLineEndWithSelection">
    <keyboard-shortcut first-keystroke="shift meta right" />
  </action>
  <action id="EditorLineStart">
    <keyboard-shortcut first-keystroke="meta left" />
  </action>
  <action id="EditorLineStartWithSelection">
    <keyboard-shortcut first-keystroke="shift meta left" />
  </action>
  <action id="EditorMoveToPageTop" />
  <action id="EditorTextEnd">
    <keyboard-shortcut first-keystroke="end" />
  </action>
  <action id="EditorTextEndWithSelection">
    <keyboard-shortcut first-keystroke="shift end" />
  </action>
  <action id="EditorTextStart">
    <keyboard-shortcut first-keystroke="home" />
  </action>
  <action id="EditorTextStartWithSelection">
    <keyboard-shortcut first-keystroke="shift home" />
  </action>
  <action id="FileChooser.GotoProject" />
  <action id="FindInPath">
    <keyboard-shortcut first-keystroke="shift ctrl f" />
    <keyboard-shortcut first-keystroke="shift meta f" />
  </action>
  <action id="Git.Pull">
    <keyboard-shortcut first-keystroke="shift meta p" />
  </action>
  <action id="MethodDown">
    <keyboard-shortcut first-keystroke="alt down" />
  </action>
  <action id="MethodUp">
    <keyboard-shortcut first-keystroke="alt up" />
  </action>
  <action id="OpenFile">
    <keyboard-shortcut first-keystroke="shift meta o" />
  </action>
  <action id="ReSyncRemoteProject">
    <keyboard-shortcut first-keystroke="shift meta r" />
  </action>
  <action id="RunClass">
    <keyboard-shortcut first-keystroke="shift meta f10" />
  </action>
  <action id="RunTargetAction" />
  <action id="ShowSearchHistory" />
  <action id="SplitVertically">
    <keyboard-shortcut first-keystroke="ctrl alt close_bracket" />
  </action>
  <action id="UnsplitAll">
    <keyboard-shortcut first-keystroke="ctrl alt open_bracket" />
  </action>
</keymap>