<application>
  <component name="GwtSdkManager">
    <gwt-sdk-list>
      <gwt-sdk url="file://$MAVEN_REPOSITORY$/com/google/gwt/gwt-dev/2.5.1" />
      <gwt-sdk url="file://$MAVEN_REPOSITORY$/com/google/gwt/gwt-dev/2.5.1" />
      <gwt-sdk url="file://$MAVEN_REPOSITORY$/com/google/gwt/gwt-dev/2.5.1" />
      <gwt-sdk url="file://$MAVEN_REPOSITORY$/com/google/gwt/gwt-dev/2.5.1" />
      <gwt-sdk url="file://$MAVEN_REPOSITORY$/com/google/gwt/gwt-dev/2.5.1" />
      <gwt-sdk url="file://$MAVEN_REPOSITORY$/com/google/gwt/gwt-dev/2.5.1" />
      <gwt-sdk url="file://$MAVEN_REPOSITORY$/com/google/gwt/gwt-dev/2.5.1" />
      <gwt-sdk url="file://$MAVEN_REPOSITORY$/com/google/gwt/gwt-dev/2.5.1" />
      <gwt-sdk url="file://$MAVEN_REPOSITORY$/com/google/gwt/gwt-dev/2.5.1" />
      <gwt-sdk url="file://$MAVEN_REPOSITORY$/com/google/gwt/gwt-dev/2.5.1" />
      <gwt-sdk url="file://$MAVEN_REPOSITORY$/com/google/gwt/gwt-dev/2.5.1" />
      <gwt-sdk url="file://$MAVEN_REPOSITORY$/com/google/gwt/gwt-dev/2.5.1" />
      <gwt-sdk url="file://$MAVEN_REPOSITORY$/com/google/gwt/gwt-dev/2.5.1" />
    </gwt-sdk-list>
  </component>
</application>