<application>
  <component name="GeneralSettings">
    <option name="confirmExit" value="false" />
    <option name="confirmOpenNewProject2" value="0" />
    <option name="defaultProjectDirectory" value="$USER_HOME$/Documents/dev" />
    <option name="showTipsOnStartup" value="false" />
  </component>
  <component name="Registry">
    <entry key="git.explicit.commit.renames.prohibit.multiple.calls" value="false" />
    <entry key="debugger.watches.in.variables" value="false" />
  </component>
</application>